section,position,channel_number,wanted_name,status,source,match_method,source_order,matched_tvg_id,source_name,url
turkish,1,22,Show TV,added_dynamic_source,https://tinyurl.com/ByteFixRepairs2026,dynamic-exact:SHOW.TV.HD.tr,3,SHOW.TV.HD.tr,Show TV,https://ciner.daioncdn.net/showtv/showtv.m3u8?ce=3&app=4bc856ef-4c68-4a94-bc87-37dfaaa66558
turkish,2,23,TRT 1,not_found_in_iptv_org_tur,iptv-org tur.m3u,not_found,,,,
turkish,3,24,Kanal D,not_found_in_iptv_org_tur,iptv-org tur.m3u,not_found,,,,
turkish,4,25,ATV,not_found_in_iptv_org_tur,iptv-org tur.m3u,not_found,,,,
turkish,5,26,NOW,not_found_in_iptv_org_tur,iptv-org tur.m3u,not_found,,,,
turkish,6,27,Star TV,not_found_in_iptv_org_tur,iptv-org tur.m3u,not_found,,,,
turkish,7,28,TV8,not_found_in_iptv_org_tur,iptv-org tur.m3u,not_found,,,,
turkish,8,29,360,not_found_in_iptv_org_tur,iptv-org tur.m3u,not_found,,,,
turkish,9,99,TLC,added_dynamic_source,https://tinyurl.com/ByteFixRepairs2026,dynamic-exact:TLC.HD.tr,14,TLC.HD.tr,TLC,http://dygvideo.dygdigital.com/live/hls/tlctvdai?m3u8
turkish,10,186,DMAX,added_dynamic_source,https://tinyurl.com/ByteFixRepairs2026,dynamic-exact:DMAX.HD.tr,13,DMAX.HD.tr,DMAX,http://dygvideo.dygdigital.com/live/hls/dmaxdai?m3u8
turkish,11,30,CNBC-e,added_iptv_org,iptv-org tur.m3u,name,33,CNBCe.tr@SD,CNBC-e,https://hnpsechtsc.turknet.ercdn.net/xpnvudnlsv/cnbc-e/cnbc-e.m3u8
turkish,12,31,Bloomberg HT,not_found_in_iptv_org_tur,iptv-org tur.m3u,not_found,,,,
turkish,13,32,A Haber,not_found_in_iptv_org_tur,iptv-org tur.m3u,not_found,,,,
turkish,14,33,TRT Haber,not_found_in_iptv_org_tur,iptv-org tur.m3u,not_found,,,,
turkish,15,34,Kanal 7,not_found_in_iptv_org_tur,iptv-org tur.m3u,not_found,,,,
turkish,16,35,A2,not_found_in_iptv_org_tur,iptv-org tur.m3u,not_found,,,,
turkish,17,36,Beyaz TV,not_found_in_iptv_org_tur,iptv-org tur.m3u,not_found,,,,
turkish,18,37,tv100,not_found_in_iptv_org_tur,iptv-org tur.m3u,not_found,,,,
turkish,19,38,Ülke TV,added_iptv_org,iptv-org tur.m3u,name,168,UlkeTV.tr@SD,Ulke TV,http://217.174.229.138:8000/play/a0el
turkish,20,39,TVNET,not_found_in_iptv_org_tur,iptv-org tur.m3u,not_found,,,,
turkish,21,40,24 TV,not_found_in_iptv_org_tur,iptv-org tur.m3u,not_found,,,,
turkish,22,41,NTV,added_iptv_org,iptv-org tur.m3u,name,104,NTV.tr@SD,NTV,https://dogus.daioncdn.net/ntv/ntv.m3u8?app=ntv_web
turkish,23,42,CNN Türk,not_found_in_iptv_org_tur,iptv-org tur.m3u,not_found,,,,
turkish,24,43,A Para,not_found_in_iptv_org_tur,iptv-org tur.m3u,not_found,,,,
turkish,25,44,Habertürk,not_found_in_iptv_org_tur,iptv-org tur.m3u,not_found,,,,
turkish,26,45,TGRT Haber,not_found_in_iptv_org_tur,iptv-org tur.m3u,not_found,,,,
turkish,27,46,Ekotürk,not_found_in_iptv_org_tur,iptv-org tur.m3u,not_found,,,,
turkish,28,47,Haber Global,not_found_in_iptv_org_tur,iptv-org tur.m3u,not_found,,,,
turkish,29,48,TELE1,not_found_in_iptv_org_tur,iptv-org tur.m3u,not_found,,,,
turkish,30,50,Flash Haber,added_iptv_org,iptv-org tur.m3u,name,51,FlashHaberTV.tr@SD,Flash Haber TV,https://b01c02nl.mediatriple.net/videoonlylive/mtyycglqauzjhlive/broadcast_67c053c48829f.smil/playlist.m3u8
turkish,31,51,Lider Haber,not_found_in_iptv_org_tur,iptv-org tur.m3u,not_found,,,,
turkish,32,52,Ulusal Kanal,not_found_in_iptv_org_tur,iptv-org tur.m3u,not_found,,,,
turkish,33,53,Halk TV,not_found_in_iptv_org_tur,iptv-org tur.m3u,not_found,,,,
turkish,34,54,Teve2,not_found_in_iptv_org_tur,iptv-org tur.m3u,not_found,,,,
turkish,35,55,TV 8.5,not_found_in_iptv_org_tur,iptv-org tur.m3u,not_found,,,,
turkish,36,56,TRT 3,not_found_in_iptv_org_tur,iptv-org tur.m3u,not_found,,,,
turkish,37,57,TRT Avaz,not_found_in_iptv_org_tur,iptv-org tur.m3u,not_found,,,,
turkish,38,58,TRT Kurdî,not_found_in_iptv_org_tur,iptv-org tur.m3u,not_found,,,,
turkish,39,59,Türk Haber TV,not_found_in_iptv_org_tur,iptv-org tur.m3u,not_found,,,,
turkish,40,60,Sözcü TV,added_manual_fallback,manual_overrides.json,dynamic-not-found -> not_found,,SozcuTV.tr,Sözcü TV,http://live.tv-youtube.workers.dev/?ID=UCOulx_rep5O4i9y6AyDqVvw
turkish,41,61,TRT Türk,not_found_in_iptv_org_tur,iptv-org tur.m3u,not_found,,,,
turkish,42,62,KRT,not_found_in_iptv_org_tur,iptv-org tur.m3u,not_found,,,,
turkish,43,63,Bengü Türk,not_found_in_iptv_org_tur,iptv-org tur.m3u,not_found,,,,
turkish,44,65,TV4,not_found_in_iptv_org_tur,iptv-org tur.m3u,not_found,,,,
turkish,45,66,TRT 2,not_found_in_iptv_org_tur,iptv-org tur.m3u,not_found,,,,
turkish,46,67,VAV TV,added_iptv_org,iptv-org tur.m3u,name,171,VavTV.tr@SD,Vav TV,https://playlist.fasttvcdn.com/pl/rfrk9821hdy9dayo8wfyha/kltr-sanat-tv/playlist.m3u8
turkish,47,68,Diyanet TV,not_found_in_iptv_org_tur,iptv-org tur.m3u,not_found,,,,
turkish,48,69,Akit TV,not_found_in_iptv_org_tur,iptv-org tur.m3u,not_found,,,,
turkish,49,75,HT Spor,not_found_in_iptv_org_tur,iptv-org tur.m3u,not_found,,,,
turkish,50,76,FB TV,added_iptv_org,iptv-org tur.m3u,name,48,FBTV.tr@SD,FB TV,http://1hskrdto.rocketcdn.com/fenerbahcetv.smil/playlist.m3u8
turkish,51,85,beIN Sports Haber,not_found_in_iptv_org_tur,iptv-org tur.m3u,not_found,,,,
turkish,52,86,TRT Spor,not_found_in_iptv_org_tur,iptv-org tur.m3u,not_found,,,,
turkish,53,87,TRT Spor Yıldız,not_found_in_iptv_org_tur,iptv-org tur.m3u,not_found,,,,
turkish,54,88,A Spor,not_found_in_iptv_org_tur,iptv-org tur.m3u,not_found,,,,
turkish,55,89,TJK TV,not_found_in_iptv_org_tur,iptv-org tur.m3u,not_found,,,,
turkish,56,90,Sports TV,not_found_in_iptv_org_tur,iptv-org tur.m3u,not_found,,,,
turkish,57,104,TRT Müzik,not_found_in_iptv_org_tur,iptv-org tur.m3u,not_found,,,,
turkish,58,133,TRT Arabi,not_found_in_iptv_org_tur,iptv-org tur.m3u,not_found,,,,
turkish,59,134,CGTN,not_found_in_iptv_org_tur,iptv-org tur.m3u,not_found,,,,
turkish,60,138,Euronews,not_found_in_iptv_org_tur,iptv-org tur.m3u,not_found,,,,
turkish,61,139,Bloomberg Television,not_found_in_iptv_org_tur,iptv-org tur.m3u,not_found,,,,
turkish,62,140,A News,not_found_in_iptv_org_tur,iptv-org tur.m3u,not_found,,,,
turkish,63,142,TRT World,not_found_in_iptv_org_tur,iptv-org tur.m3u,not_found,,,,
turkish,64,144,Al Jazeera English,not_found_in_iptv_org_tur,iptv-org tur.m3u,not_found,,,,
turkish,65,147,Al Quran Al Kareem TV,not_found_in_iptv_org_tur,iptv-org tur.m3u,not_found,,,,
turkish,66,148,Al Sunnah Al Nabawiyah TV,not_found_in_iptv_org_tur,iptv-org tur.m3u,not_found,,,,
turkish,67,149,NHK World Japan,not_found_in_iptv_org_tur,iptv-org tur.m3u,not_found,,,,
turkish,68,152,TRT EBA,not_found_in_iptv_org_tur,iptv-org tur.m3u,not_found,,,,
turkish,69,160,TRT Çocuk,not_found_in_iptv_org_tur,iptv-org tur.m3u,not_found,,,,
turkish,70,166,Stoon TV / Spacetoon Türkiye,not_found_in_iptv_org_tur,iptv-org tur.m3u,not_found,,,,
turkish,71,170,Minika GO,not_found_in_iptv_org_tur,iptv-org tur.m3u,not_found,,,,
turkish,72,174,Minika Çocuk,not_found_in_iptv_org_tur,iptv-org tur.m3u,not_found,,,,
turkish,73,189,Yaban TV,not_found_in_iptv_org_tur,iptv-org tur.m3u,not_found,,,,
turkish,74,190,TRT Belgesel,not_found_in_iptv_org_tur,iptv-org tur.m3u,not_found,,,,
turkish,75,193,TGRT Belgesel,not_found_in_iptv_org_tur,iptv-org tur.m3u,not_found,,,,
turkish,76,194,CGTN Documentary,not_found_in_iptv_org_tur,iptv-org tur.m3u,not_found,,,,
turkish,77,618,Güneydoğu TV,not_found_in_iptv_org_tur,iptv-org tur.m3u,not_found,,,,
turkish,78,701,TBMM TV,not_found_in_iptv_org_tur,iptv-org tur.m3u,not_found,,,,
turkish,79,702,GZT,not_found_in_iptv_org_tur,iptv-org tur.m3u,not_found,,,,
turkish,80,703,Kral Pop TV,not_found_in_iptv_org_tur,iptv-org tur.m3u,not_found,,,,
turkish,81,704,Dream Türk,not_found_in_iptv_org_tur,iptv-org tur.m3u,not_found,,,,
turkish,82,705,PowerTürk TV,not_found_in_iptv_org_tur,iptv-org tur.m3u,not_found,,,,
foreign,1,901,FIFA+,added_iptv_org,iptv-org eng.m3u,exact:FIFAPlus.uk@English,946,FIFAPlus.uk@English,FIFA+ (720p),https://jmp2.uk/plu-660c29b5aec9680008f5b4a4.m3u8
foreign,2,902,beIN SPORTS XTRA,added_iptv_org,iptv-org eng.m3u,exact:beINSPORTSXTRA.us@SD,368,beINSPORTSXTRA.us@SD,beIN SPORTS XTRA (1080p),https://bein-xtra-bein.amagi.tv/playlist.m3u8
foreign,3,903,NBC Sports NOW,added_iptv_org,iptv-org eng.m3u,exact:NBCSportsNOW.us@SD,1655,NBCSportsNOW.us@SD,NBC Sports NOW (1080p),https://d4whmvwm0rdvi.cloudfront.net/10007/99993008/hls/master.m3u8?ads.xumo_channelId=99993008
foreign,4,904,CBS Sports Golazo Network,added_iptv_org,iptv-org eng.m3u,exact:CBSSportsGolazoNetwork.us@SD,579,CBSSportsGolazoNetwork.us@SD,CBS Sports Golazo Network (720p),https://proped3fhg87.airspace-cdn.cbsivideo.com/golazo-live-dai/master/golazo-live-dai.m3u8
foreign,5,905,NBC USA,added_iptv_org,iptv-org eng.m3u,exact:NBC.us@East,1631,NBC.us@East,NBC (1080p),http://190.11.225.124:5000/live/nbc_hd/playlist.m3u8
foreign,6,906,9Gem Australia,added_iptv_org,iptv-org eng.m3u,base:9Gem.au,20,9Gem.au@Sydney,9Gem (720p) [Geo-blocked],https://9now-livestreams.akamaized.net/hls/live/2008311/gem-syd/master.m3u8
foreign,7,911,BBC News,added_iptv_org,iptv-org eng.m3u,exact:BBCNews.uk@Europe,290,BBCNews.uk@Europe,BBC News (1080p) [Geo-blocked],https://pb-iiczlgfysam0q.akamaized.net/v1/amcnetworks_bbcnews_1/samsungheadend_us/latest/main/hls/playlist.m3u8
foreign,8,912,Sky News,added_iptv_org,iptv-org eng.m3u,name,2282,SkyNews.ie@SD,Sky News,https://jmp2.uk/plu-55b285cd2665de274553d66f.m3u8
foreign,9,913,France 24 English,added_iptv_org,iptv-org eng.m3u,exact:France24.fr@English,1005,France24.fr@English,France 24 English (1080p),https://live.france24.com/hls/live/2037218-b/F24_EN_HI_HLS/master_5000.m3u8
foreign,10,914,DW English,added_iptv_org,iptv-org eng.m3u,exact:DW.de@English,863,DW.de@English,DW English (1080p),https://amg01644-amg01644c1-amgplt0343.playout.now3.amagi.tv/ts-eu-w1-n2/playlist/amg01644-amg01644c1-amgplt0343/playlist.m3u8
foreign,11,915,NBC News NOW,added_iptv_org,iptv-org eng.m3u,exact:NBCNewsNOW.us@SD,1653,NBCNewsNOW.us@SD,NBC News NOW (1080p),https://d1si3n1st4nkgb.cloudfront.net/10502/88896001/hls/master.m3u8?ads.xumo_channelId=88896001
foreign,12,916,CBS News 24/7,added_iptv_org,iptv-org eng.m3u,exact:CBSNews247.us@SD,565,CBSNews247.us@SD,CBS News 24/7 (720p),https://jmp2.uk/plu-6350fdd266e9ea0007bedec5.m3u8
foreign,13,917,ABC News Australia,added_iptv_org,iptv-org eng.m3u,exact:ABCNews.au@Sydney,89,ABCNews.au@Sydney,ABC News (720p),https://abc-news-dmd-streams-1.akamaized.net/out/v1/701126012d044971b3fa89406a440133/index.m3u8
foreign,14,918,CNA,added_iptv_org,iptv-org eng.m3u,exact:CNA.sg@SD,675,CNA.sg@SD,CNA (1080p) [Geo-blocked],https://d2e1asnsl7br7b.cloudfront.net/7782e205e72f43aeb4a48ec97f66ebbe/index.m3u8
foreign,15,931,Arirang TV,added_iptv_org,iptv-org eng.m3u,exact:ArirangTV.kr@SD,228,ArirangTV.kr@SD,Arirang TV (1080p),http://amdlive-ch01.ctnd.com.edgesuite.net/arirang_1ch/smil:arirang_1ch.smil/playlist.m3u8
